{
  "width": {
    "A": 126.6640625,
    "B": 111.44140625,
    "C": 10.109375,
    "D": 10.5546875,
    "E": 35.33203125,
    "F": 46.33203125,
    "G": 123.6640625,
    "H": 19.6640625,
    "I": 25.0,
    "J": 18.88671875,
    "K": 21.109375,
    "L": 22.0,
    "M": 16.88671875,
    "N": 17.6640625,
    "O": 21.0,
    "P": 13.0,
    "Q": 24.0,
    "R": 17.0,
    "S": 19.44140625,
    "T": 21.0,
    "U": 26.33203125,
    "V": 23.5546875,
    "W": 25.0,
    "X": 30.44140625,
    "Y": 40.88671875,
    "Z": 22.44140625,
    "AA": 24.0,
    "AB": 21.88671875,
    "AC": 18.88671875,
    "AD": 18.33203125,
    "AE": 24.5546875,
    "AF": 13.0,
    "AG": 28.33203125,
    "AH": 27.0,
    "AI": 28.109375,
    "AJ": 37.44140625,
    "AK": 28.6640625,
    "AL": 21.88671875,
    "AM": 24.6640625,
    "AN": 23.5546875,
    "AO": 20.5546875,
    "AP": 33.33203125,
    "AQ": 35.5546875,
    "AR": 32.44140625,
    "AS": 22.33203125,
    "AT": 24.5546875,
    "AU": 97.109375,
    "AV": 23.6640625,
    "AW": 29.44140625,
    "AX": 33.0,
    "AY": 22.44140625,
    "AZ": 38.44140625,
    "BA": 35.109375,
    "BB": 36.44140625,
    "BC": 36.88671875,
    "BD": 35.33203125,
    "BE": 33.44140625,
    "BF": 17.0,
    "BG": 32.33203125,
    "BH": 19.0,
    "BI": 35.6640625,
    "BJ": 50.5546875,
    "BK": 22.0,
    "BL": 47.109375,
    "BM": 32.6640625,
    "BN": 29.109375,
    "BO": 31.5546875,
    "BP": 48.109375,
    "BQ": 33.88671875,
    "BR": 26.44140625,
    "BS": 32.33203125,
    "BT": 27.5546875,
    "BU": 23.5546875,
    "BV": 35.33203125,
    "BW": 24.6640625,
    "BX": 25.6640625
  },
  "font": {
    "name=Calibri  family=2.0  sz=11.0  type=theme  theme=1  scheme=minor": {
      "objectType": "font",
      "measure": {
        "name": "Calibri",
        "family": 2.0,
        "sz": 11.0,
        "color": {
          "objectType": "Color",
          "measure": {
            "type": "theme",
            "theme": 1
          }
        },
        "scheme": "minor"
      }
    }
  },
  "border": {
    "outline=True": {
      "objectType": "border",
      "measure": {
        "outline": true
      }
    }
  },
  "fill": {
    "rgb=00000000  type=rgb  rgb=00000000  type=rgb": {
      "objectType": "fill",
      "measure": {
        "fgColor": {
          "objectType": "Color",
          "measure": {
            "rgb": "00000000",
            "type": "rgb"
          }
        },
        "bgColor": {
          "objectType": "Color",
          "measure": {
            "rgb": "00000000",
            "type": "rgb"
          }
        }
      }
    }
  },
  "number_format": {
    "General": {
      "objectType": "number_format",
      "measure": "General"
    }
  },
  "protection": {
    "locked=True": {
      "objectType": "protection",
      "measure": {
        "locked": true
      }
    }
  },
  "alignment": {
    "": {
      "objectType": "alignment",
      "measure": {}
    }
  }
}